"Timestamp","Project","FeatureKey","RunId","Model","InputTokens","OutputTokens","TotalTokens","CostEstimate","Caller"
"11/25/2025 12:23:37 PM","eva-orchestrator","P02-TEST-001","639bb4bd-9ac4-40a5-9cab-6972cae4c599","gpt-4.1","12500","3800","16300","0.603","cli"
"11/25/2025 12:24:18 PM","eva-orchestrator","P02-DEMO-001","6c10acaa-acb2-4d38-8cbd-8ca741930d05","gpt-4.1","8000","2000","10000","0.36","cli"
"11/25/2025 12:24:19 PM","eva-orchestrator","P02-DEMO-001","6c10acaa-acb2-4d38-8cbd-8ca741930d05","gpt-4.1-mini","3000","800","3800","0.03","cli"
"11/25/2025 12:24:31 PM","eva-orchestrator","P02-DEMO-001","b03ec156-8ed8-45ca-b5bd-f4bada1f72a1","gpt-4.1","8000","2000","10000","0.36","cli"
"11/25/2025 12:24:31 PM","eva-orchestrator","P02-DEMO-001","b03ec156-8ed8-45ca-b5bd-f4bada1f72a1","gpt-4.1-mini","3000","800","3800","0.03","cli"
"11/25/2025 12:24:47 PM","eva-orchestrator","P02-DEMO-001","2986aa13-5311-4189-a7b8-bf8eac254d44","gpt-4.1","8000","2000","10000","0.36","cli"
"11/25/2025 12:24:53 PM","eva-orchestrator","P02-DEMO-001","2986aa13-5311-4189-a7b8-bf8eac254d44","gpt-4.1-mini","3000","800","3800","0.03","cli"
"11/25/2025 12:23:37 PM","eva-orchestrator","P02-TEST-001","639bb4bd-9ac4-40a5-9cab-6972cae4c599","gpt-4.1","12500","3800","16300","0.603","cli"
"11/25/2025 2:14:28 PM","eva-orchestrator","P02-AUDIT-001","bc4e5e1c-8f86-4949-8c5e-1c1616f6aab4","gpt-4.1","12500","3800","16300","0.603","manual"
"11/25/2025 2:14:36 PM","eva-orchestrator","P02-AUDIT-001","bc4e5e1c-8f86-4949-8c5e-1c1616f6aab4","gpt-4.1","12500","3800","16300","0.603","manual"
"11/25/2025 2:15:25 PM","eva-orchestrator","P02-AUDIT-001","9f67dc27-b095-46b8-b538-cafa90394048","gpt-4.1","12500","3800","16300","0.603","manual"
"11/25/2025 4:52:19 PM","eva-orchestrator","P02-DEMO-009","ba9ac0c7-2805-480e-b82e-a8a4e968ef35","gpt-4.1","8500","2800","11300","0.423","cli"
"11/25/2025 4:52:19 PM","eva-orchestrator","P02-DEMO-009","ba9ac0c7-2805-480e-b82e-a8a4e968ef35","gpt-4.1","6200","1900","8100","0.3","cli"
"11/25/2025 4:52:19 PM","eva-orchestrator","P02-DEMO-009","ba9ac0c7-2805-480e-b82e-a8a4e968ef35","gpt-4.1-mini","4100","1200","5300","0.042","cli"
"11/25/2025 4:52:21 PM","eva-orchestrator","P02-DEMO-009","5c4bb144-85a2-406c-854a-800b2744cf8b","gpt-4.1","8500","2800","11300","0.423","cli"
"11/25/2025 4:52:21 PM","eva-orchestrator","P02-DEMO-009","5c4bb144-85a2-406c-854a-800b2744cf8b","gpt-4.1","6200","1900","8100","0.3","cli"
"11/25/2025 4:52:21 PM","eva-orchestrator","P02-DEMO-009","5c4bb144-85a2-406c-854a-800b2744cf8b","gpt-4.1-mini","4100","1200","5300","0.042","cli"
"11/25/2025 4:52:22 PM","eva-orchestrator","P02-FINOPS-002","b212f73a-f6b5-4c16-b80f-0db64b9a60e3","gpt-4.1","8500","2800","11300","0.423","github-action"
"11/25/2025 4:52:22 PM","eva-orchestrator","P02-FINOPS-002","b212f73a-f6b5-4c16-b80f-0db64b9a60e3","gpt-4.1","6200","1900","8100","0.3","github-action"
"11/25/2025 4:52:23 PM","eva-orchestrator","P02-FINOPS-002","b212f73a-f6b5-4c16-b80f-0db64b9a60e3","gpt-4.1-mini","4100","1200","5300","0.042","github-action"
"11/25/2025 11:53:42 PM","eva-orchestrator","P02-AUTO-0df52c54","0f1fd709-b7c3-4ad3-bbeb-eabf022d8da2","gpt-4.1","8500","2800","11300","0.423","cli"
"11/25/2025 11:53:43 PM","eva-orchestrator","P02-AUTO-0df52c54","0f1fd709-b7c3-4ad3-bbeb-eabf022d8da2","gpt-4.1","6200","1900","8100","0.3","cli"
"11/25/2025 11:53:43 PM","eva-orchestrator","P02-AUTO-0df52c54","0f1fd709-b7c3-4ad3-bbeb-eabf022d8da2","gpt-4.1-mini","4100","1200","5300","0.042","cli"
"11/25/2025 11:53:44 PM","eva-orchestrator","P02-FINOPS-007","2251a336-1738-4849-9b4c-41a7c15494b4","gpt-4.1","8500","2800","11300","0.423","cli"
"11/25/2025 11:53:44 PM","eva-orchestrator","P02-FINOPS-007","2251a336-1738-4849-9b4c-41a7c15494b4","gpt-4.1","6200","1900","8100","0.3","cli"
"11/25/2025 11:53:44 PM","eva-orchestrator","P02-FINOPS-007","2251a336-1738-4849-9b4c-41a7c15494b4","gpt-4.1-mini","4100","1200","5300","0.042","cli"
"11/25/2025 11:53:46 PM","eva-orchestrator","P02-AUTO-cff13a7f","2c50aedc-c5a3-41d1-8e0a-87efc763a0d3","gpt-4.1","8500","2800","11300","0.423","cli"
"11/25/2025 11:53:46 PM","eva-orchestrator","P02-AUTO-cff13a7f","2c50aedc-c5a3-41d1-8e0a-87efc763a0d3","gpt-4.1","6200","1900","8100","0.3","cli"
"11/25/2025 11:53:46 PM","eva-orchestrator","P02-AUTO-cff13a7f","2c50aedc-c5a3-41d1-8e0a-87efc763a0d3","gpt-4.1-mini","4100","1200","5300","0.042","cli"
"11/25/2025 11:53:48 PM","eva-orchestrator","P02-AUTO-5e5d23ca","a3ec38fb-bffe-4155-91a7-63892c8ee29d","gpt-4.1","8500","2800","11300","0.423","cli"
"11/25/2025 11:53:48 PM","eva-orchestrator","P02-AUTO-5e5d23ca","a3ec38fb-bffe-4155-91a7-63892c8ee29d","gpt-4.1","6200","1900","8100","0.3","cli"
"11/25/2025 11:53:48 PM","eva-orchestrator","P02-AUTO-5e5d23ca","a3ec38fb-bffe-4155-91a7-63892c8ee29d","gpt-4.1-mini","4100","1200","5300","0.042","cli"
"11/25/2025 11:53:49 PM","eva-orchestrator","P02-AUTO-0abd5fd8","05208952-36da-4505-b252-81d945e67e18","gpt-4.1","8500","2800","11300","0.423","cli"
"11/25/2025 11:53:49 PM","eva-orchestrator","P02-AUTO-0abd5fd8","05208952-36da-4505-b252-81d945e67e18","gpt-4.1","6200","1900","8100","0.3","cli"
"11/25/2025 11:53:50 PM","eva-orchestrator","P02-AUTO-0abd5fd8","05208952-36da-4505-b252-81d945e67e18","gpt-4.1-mini","4100","1200","5300","0.042","cli"
"11/25/2025 11:53:51 PM","eva-orchestrator","P02-AUTO-a3bfb660","342df96c-d385-4ffa-ac7f-f48abea1cc03","gpt-4.1","8500","2800","11300","0.423","cli"
"11/25/2025 11:53:51 PM","eva-orchestrator","P02-AUTO-a3bfb660","342df96c-d385-4ffa-ac7f-f48abea1cc03","gpt-4.1","6200","1900","8100","0.3","cli"
"11/25/2025 11:53:51 PM","eva-orchestrator","P02-AUTO-a3bfb660","342df96c-d385-4ffa-ac7f-f48abea1cc03","gpt-4.1-mini","4100","1200","5300","0.042","cli"
"11/25/2025 11:53:53 PM","eva-orchestrator","P02-AUTO-a7750ab1","0efc6f54-f82a-4494-ae23-68c28d22cf9c","gpt-4.1","8500","2800","11300","0.423","cli"
"11/25/2025 11:53:53 PM","eva-orchestrator","P02-AUTO-a7750ab1","0efc6f54-f82a-4494-ae23-68c28d22cf9c","gpt-4.1","6200","1900","8100","0.3","cli"
"11/25/2025 11:53:53 PM","eva-orchestrator","P02-AUTO-a7750ab1","0efc6f54-f82a-4494-ae23-68c28d22cf9c","gpt-4.1-mini","4100","1200","5300","0.042","cli"
"11/25/2025 11:53:55 PM","eva-orchestrator","P02-AUTO-3b8341e6","c5b12efc-463e-4a90-9998-b47fa36389db","gpt-4.1","8500","2800","11300","0.423","cli"
"11/25/2025 11:53:55 PM","eva-orchestrator","P02-AUTO-3b8341e6","c5b12efc-463e-4a90-9998-b47fa36389db","gpt-4.1","6200","1900","8100","0.3","cli"
"11/25/2025 11:53:55 PM","eva-orchestrator","P02-AUTO-3b8341e6","c5b12efc-463e-4a90-9998-b47fa36389db","gpt-4.1-mini","4100","1200","5300","0.042","cli"
"11/25/2025 11:53:56 PM","eva-orchestrator","P02-AUTO-3bfdc2d0","739164e7-cf28-4808-888b-46d59d398fad","gpt-4.1","8500","2800","11300","0.423","cli"
"11/25/2025 11:53:56 PM","eva-orchestrator","P02-AUTO-3bfdc2d0","739164e7-cf28-4808-888b-46d59d398fad","gpt-4.1","6200","1900","8100","0.3","cli"
"11/25/2025 11:53:57 PM","eva-orchestrator","P02-AUTO-3bfdc2d0","739164e7-cf28-4808-888b-46d59d398fad","gpt-4.1-mini","4100","1200","5300","0.042","cli"
"11/25/2025 11:53:58 PM","eva-orchestrator","P02-AUTO-ccad40d3","eec24092-8c77-4818-a47f-9c6cfcdb53df","gpt-4.1","8500","2800","11300","0.423","cli"
"11/25/2025 11:53:58 PM","eva-orchestrator","P02-AUTO-ccad40d3","eec24092-8c77-4818-a47f-9c6cfcdb53df","gpt-4.1","6200","1900","8100","0.3","cli"
"11/25/2025 11:53:58 PM","eva-orchestrator","P02-AUTO-ccad40d3","eec24092-8c77-4818-a47f-9c6cfcdb53df","gpt-4.1-mini","4100","1200","5300","0.042","cli"
"11/25/2025 11:54:00 PM","eva-orchestrator","P02-AUTO-2778a4a9","3944ec2a-167f-45cb-945c-7884c5393fbc","gpt-4.1","8500","2800","11300","0.423","cli"
"11/25/2025 11:54:00 PM","eva-orchestrator","P02-AUTO-2778a4a9","3944ec2a-167f-45cb-945c-7884c5393fbc","gpt-4.1","6200","1900","8100","0.3","cli"
"11/25/2025 11:54:00 PM","eva-orchestrator","P02-AUTO-2778a4a9","3944ec2a-167f-45cb-945c-7884c5393fbc","gpt-4.1-mini","4100","1200","5300","0.042","cli"
"11/25/2025 11:54:01 PM","eva-orchestrator","P02-AUTO-96a06b3c","00586842-82e0-45b5-8752-968f70d2dc69","gpt-4.1","8500","2800","11300","0.423","cli"
"11/25/2025 11:54:02 PM","eva-orchestrator","P02-AUTO-96a06b3c","00586842-82e0-45b5-8752-968f70d2dc69","gpt-4.1","6200","1900","8100","0.3","cli"
"11/25/2025 11:54:02 PM","eva-orchestrator","P02-AUTO-96a06b3c","00586842-82e0-45b5-8752-968f70d2dc69","gpt-4.1-mini","4100","1200","5300","0.042","cli"
"11/25/2025 11:54:03 PM","eva-orchestrator","P02-AUTO-9971bf92","3ef18187-5675-4a5a-ab43-cb29693efcf1","gpt-4.1","8500","2800","11300","0.423","cli"
"11/25/2025 11:54:03 PM","eva-orchestrator","P02-AUTO-9971bf92","3ef18187-5675-4a5a-ab43-cb29693efcf1","gpt-4.1","6200","1900","8100","0.3","cli"
"11/25/2025 11:54:04 PM","eva-orchestrator","P02-AUTO-9971bf92","3ef18187-5675-4a5a-ab43-cb29693efcf1","gpt-4.1-mini","4100","1200","5300","0.042","cli"
"11/25/2025 11:54:05 PM","eva-orchestrator","P02-AUTO-248d6670","44e826a2-a985-47ad-9b10-6d8f90e2b1aa","gpt-4.1","8500","2800","11300","0.423","cli"
"11/25/2025 11:54:05 PM","eva-orchestrator","P02-AUTO-248d6670","44e826a2-a985-47ad-9b10-6d8f90e2b1aa","gpt-4.1","6200","1900","8100","0.3","cli"
"11/25/2025 11:54:05 PM","eva-orchestrator","P02-AUTO-248d6670","44e826a2-a985-47ad-9b10-6d8f90e2b1aa","gpt-4.1-mini","4100","1200","5300","0.042","cli"
"11/25/2025 11:54:07 PM","eva-orchestrator","P02-AUTO-20e9b446","6482cedd-c31f-410b-b0f5-cba72b7e433e","gpt-4.1","8500","2800","11300","0.423","cli"
"11/25/2025 11:54:07 PM","eva-orchestrator","P02-AUTO-20e9b446","6482cedd-c31f-410b-b0f5-cba72b7e433e","gpt-4.1","6200","1900","8100","0.3","cli"
"11/25/2025 11:54:07 PM","eva-orchestrator","P02-AUTO-20e9b446","6482cedd-c31f-410b-b0f5-cba72b7e433e","gpt-4.1-mini","4100","1200","5300","0.042","cli"
"11/25/2025 11:54:08 PM","eva-orchestrator","P02-AUTO-b363b076","c9ddaa04-246f-49ad-85a2-bbabf7668022","gpt-4.1","8500","2800","11300","0.423","cli"
"11/25/2025 11:54:09 PM","eva-orchestrator","P02-AUTO-b363b076","c9ddaa04-246f-49ad-85a2-bbabf7668022","gpt-4.1","6200","1900","8100","0.3","cli"
"11/25/2025 11:54:09 PM","eva-orchestrator","P02-AUTO-b363b076","c9ddaa04-246f-49ad-85a2-bbabf7668022","gpt-4.1-mini","4100","1200","5300","0.042","cli"
"11/25/2025 11:54:10 PM","eva-orchestrator","P02-AUTO-a4cc0393","3aa6b6cc-31d4-4ca8-a240-9f6a98e4dda4","gpt-4.1","8500","2800","11300","0.423","cli"
"11/25/2025 11:54:10 PM","eva-orchestrator","P02-AUTO-a4cc0393","3aa6b6cc-31d4-4ca8-a240-9f6a98e4dda4","gpt-4.1","6200","1900","8100","0.3","cli"
"11/25/2025 11:54:10 PM","eva-orchestrator","P02-AUTO-a4cc0393","3aa6b6cc-31d4-4ca8-a240-9f6a98e4dda4","gpt-4.1-mini","4100","1200","5300","0.042","cli"
"11/25/2025 11:54:12 PM","eva-orchestrator","P02-AUTO-cc56486c","9c888944-2257-46cb-928b-948e20fdc086","gpt-4.1","8500","2800","11300","0.423","cli"
"11/25/2025 11:54:12 PM","eva-orchestrator","P02-AUTO-cc56486c","9c888944-2257-46cb-928b-948e20fdc086","gpt-4.1","6200","1900","8100","0.3","cli"
"11/25/2025 11:54:12 PM","eva-orchestrator","P02-AUTO-cc56486c","9c888944-2257-46cb-928b-948e20fdc086","gpt-4.1-mini","4100","1200","5300","0.042","cli"
"11/25/2025 11:54:14 PM","eva-orchestrator","P02-AUTO-42454c1f","04675b9c-a2fd-4382-afc1-20249c968d07","gpt-4.1","8500","2800","11300","0.423","cli"
"11/25/2025 11:54:14 PM","eva-orchestrator","P02-AUTO-42454c1f","04675b9c-a2fd-4382-afc1-20249c968d07","gpt-4.1","6200","1900","8100","0.3","cli"
"11/25/2025 11:54:14 PM","eva-orchestrator","P02-AUTO-42454c1f","04675b9c-a2fd-4382-afc1-20249c968d07","gpt-4.1-mini","4100","1200","5300","0.042","cli"
"11/25/2025 11:54:15 PM","eva-orchestrator","P02-AUTO-b6acb76d","23cd74f0-fa87-4a15-a6c8-e2325e8c0158","gpt-4.1","8500","2800","11300","0.423","cli"
"11/25/2025 11:54:16 PM","eva-orchestrator","P02-AUTO-b6acb76d","23cd74f0-fa87-4a15-a6c8-e2325e8c0158","gpt-4.1","6200","1900","8100","0.3","cli"
"11/25/2025 11:54:16 PM","eva-orchestrator","P02-AUTO-b6acb76d","23cd74f0-fa87-4a15-a6c8-e2325e8c0158","gpt-4.1-mini","4100","1200","5300","0.042","cli"
"11/25/2025 11:54:17 PM","eva-orchestrator","P02-AUTO-9516f425","ce22c8fe-2b1b-42bf-928e-ae3e96863137","gpt-4.1","8500","2800","11300","0.423","cli"
"11/25/2025 11:54:17 PM","eva-orchestrator","P02-AUTO-9516f425","ce22c8fe-2b1b-42bf-928e-ae3e96863137","gpt-4.1","6200","1900","8100","0.3","cli"
"11/25/2025 11:54:17 PM","eva-orchestrator","P02-AUTO-9516f425","ce22c8fe-2b1b-42bf-928e-ae3e96863137","gpt-4.1-mini","4100","1200","5300","0.042","cli"
"11/25/2025 11:54:19 PM","eva-orchestrator","P02-AUTO-77e66685","c7c3a7ea-8011-41e4-b745-d535bc1c27b0","gpt-4.1","8500","2800","11300","0.423","cli"
"11/25/2025 11:54:19 PM","eva-orchestrator","P02-AUTO-77e66685","c7c3a7ea-8011-41e4-b745-d535bc1c27b0","gpt-4.1","6200","1900","8100","0.3","cli"
"11/25/2025 11:54:19 PM","eva-orchestrator","P02-AUTO-77e66685","c7c3a7ea-8011-41e4-b745-d535bc1c27b0","gpt-4.1-mini","4100","1200","5300","0.042","cli"
"11/25/2025 11:54:20 PM","eva-orchestrator","P02-AUTO-455c2289","4d3dacd4-a2c1-4383-b5b2-ff3a092b46b1","gpt-4.1","8500","2800","11300","0.423","cli"
"11/25/2025 11:54:21 PM","eva-orchestrator","P02-AUTO-455c2289","4d3dacd4-a2c1-4383-b5b2-ff3a092b46b1","gpt-4.1","6200","1900","8100","0.3","cli"
"11/25/2025 11:54:21 PM","eva-orchestrator","P02-AUTO-455c2289","4d3dacd4-a2c1-4383-b5b2-ff3a092b46b1","gpt-4.1-mini","4100","1200","5300","0.042","cli"
"11/25/2025 11:54:22 PM","eva-orchestrator","P02-AUTO-2436041b","263075e4-6929-471e-b97b-cc1bc796758a","gpt-4.1","8500","2800","11300","0.423","cli"
"11/25/2025 11:54:22 PM","eva-orchestrator","P02-AUTO-2436041b","263075e4-6929-471e-b97b-cc1bc796758a","gpt-4.1","6200","1900","8100","0.3","cli"
"11/25/2025 11:54:23 PM","eva-orchestrator","P02-AUTO-2436041b","263075e4-6929-471e-b97b-cc1bc796758a","gpt-4.1-mini","4100","1200","5300","0.042","cli"
"11/25/2025 11:54:24 PM","eva-orchestrator","P02-AUTO-02cd2b1a","98813961-ccc4-47d0-913b-bed729aa0c5a","gpt-4.1","8500","2800","11300","0.423","cli"
"11/25/2025 11:54:24 PM","eva-orchestrator","P02-AUTO-02cd2b1a","98813961-ccc4-47d0-913b-bed729aa0c5a","gpt-4.1","6200","1900","8100","0.3","cli"
"11/25/2025 11:54:24 PM","eva-orchestrator","P02-AUTO-02cd2b1a","98813961-ccc4-47d0-913b-bed729aa0c5a","gpt-4.1-mini","4100","1200","5300","0.042","cli"
"11/25/2025 11:54:26 PM","eva-orchestrator","P02-AUTO-dc5664df","ee59ded1-521c-46f8-99f2-e7c67d7e650b","gpt-4.1","8500","2800","11300","0.423","cli"
"11/25/2025 11:54:26 PM","eva-orchestrator","P02-AUTO-dc5664df","ee59ded1-521c-46f8-99f2-e7c67d7e650b","gpt-4.1","6200","1900","8100","0.3","cli"
"11/25/2025 11:54:26 PM","eva-orchestrator","P02-AUTO-dc5664df","ee59ded1-521c-46f8-99f2-e7c67d7e650b","gpt-4.1-mini","4100","1200","5300","0.042","cli"
"11/25/2025 11:54:28 PM","eva-orchestrator","P02-AUTO-e04de10b","7e51a57d-f22a-4ea2-91af-1c1d62073ff6","gpt-4.1","8500","2800","11300","0.423","cli"
"11/25/2025 11:54:28 PM","eva-orchestrator","P02-AUTO-e04de10b","7e51a57d-f22a-4ea2-91af-1c1d62073ff6","gpt-4.1","6200","1900","8100","0.3","cli"
"11/25/2025 11:54:28 PM","eva-orchestrator","P02-AUTO-e04de10b","7e51a57d-f22a-4ea2-91af-1c1d62073ff6","gpt-4.1-mini","4100","1200","5300","0.042","cli"
"11/25/2025 11:54:29 PM","eva-orchestrator","P02-AUTO-cd08da34","4b27543b-6650-4b50-a7bf-2779a8e60352","gpt-4.1","8500","2800","11300","0.423","cli"
"11/25/2025 11:54:30 PM","eva-orchestrator","P02-AUTO-cd08da34","4b27543b-6650-4b50-a7bf-2779a8e60352","gpt-4.1","6200","1900","8100","0.3","cli"
"11/25/2025 11:54:30 PM","eva-orchestrator","P02-AUTO-cd08da34","4b27543b-6650-4b50-a7bf-2779a8e60352","gpt-4.1-mini","4100","1200","5300","0.042","cli"
"11/25/2025 11:54:31 PM","eva-orchestrator","P02-AUTO-15284f7f","c3ac2eb3-d786-4936-a462-4cb5af1cd15b","gpt-4.1","8500","2800","11300","0.423","cli"
"11/25/2025 11:54:31 PM","eva-orchestrator","P02-AUTO-15284f7f","c3ac2eb3-d786-4936-a462-4cb5af1cd15b","gpt-4.1","6200","1900","8100","0.3","cli"
"11/25/2025 11:54:32 PM","eva-orchestrator","P02-AUTO-15284f7f","c3ac2eb3-d786-4936-a462-4cb5af1cd15b","gpt-4.1-mini","4100","1200","5300","0.042","cli"
"11/25/2025 11:54:33 PM","eva-orchestrator","P02-AUTO-b5f0ef80","01f6ee02-1e67-4a07-99de-d57ab2ff2d67","gpt-4.1","8500","2800","11300","0.423","cli"
"11/25/2025 11:54:33 PM","eva-orchestrator","P02-AUTO-b5f0ef80","01f6ee02-1e67-4a07-99de-d57ab2ff2d67","gpt-4.1","6200","1900","8100","0.3","cli"
"11/25/2025 11:54:33 PM","eva-orchestrator","P02-AUTO-b5f0ef80","01f6ee02-1e67-4a07-99de-d57ab2ff2d67","gpt-4.1-mini","4100","1200","5300","0.042","cli"
"11/25/2025 11:54:35 PM","eva-orchestrator","P02-AUTO-190deea0","59ae4501-08a3-4c0c-89a3-d87e99cd8e28","gpt-4.1","8500","2800","11300","0.423","cli"
"11/25/2025 11:54:35 PM","eva-orchestrator","P02-AUTO-190deea0","59ae4501-08a3-4c0c-89a3-d87e99cd8e28","gpt-4.1","6200","1900","8100","0.3","cli"
"11/25/2025 11:54:35 PM","eva-orchestrator","P02-AUTO-190deea0","59ae4501-08a3-4c0c-89a3-d87e99cd8e28","gpt-4.1-mini","4100","1200","5300","0.042","cli"
"11/25/2025 11:54:36 PM","eva-orchestrator","P02-AUTO-a682816a","e5dc429c-413e-4211-82ff-a2a2d19a88bb","gpt-4.1","8500","2800","11300","0.423","cli"
"11/25/2025 11:54:37 PM","eva-orchestrator","P02-AUTO-a682816a","e5dc429c-413e-4211-82ff-a2a2d19a88bb","gpt-4.1","6200","1900","8100","0.3","cli"
"11/25/2025 11:54:37 PM","eva-orchestrator","P02-AUTO-a682816a","e5dc429c-413e-4211-82ff-a2a2d19a88bb","gpt-4.1-mini","4100","1200","5300","0.042","cli"
"11/25/2025 11:54:38 PM","eva-orchestrator","P02-AUTO-d4a76a69","85afd9aa-08a1-46d5-acec-d6fb0000bbb9","gpt-4.1","8500","2800","11300","0.423","cli"
"11/25/2025 11:54:38 PM","eva-orchestrator","P02-AUTO-d4a76a69","85afd9aa-08a1-46d5-acec-d6fb0000bbb9","gpt-4.1","6200","1900","8100","0.3","cli"
"11/25/2025 11:54:39 PM","eva-orchestrator","P02-AUTO-d4a76a69","85afd9aa-08a1-46d5-acec-d6fb0000bbb9","gpt-4.1-mini","4100","1200","5300","0.042","cli"
"11/25/2025 11:54:40 PM","eva-orchestrator","P02-AUTO-1b29c66a","8df8ef16-0a8e-485e-9f02-dbb53ddcf155","gpt-4.1","8500","2800","11300","0.423","cli"
"11/25/2025 11:54:40 PM","eva-orchestrator","P02-AUTO-1b29c66a","8df8ef16-0a8e-485e-9f02-dbb53ddcf155","gpt-4.1","6200","1900","8100","0.3","cli"
"11/25/2025 11:54:40 PM","eva-orchestrator","P02-AUTO-1b29c66a","8df8ef16-0a8e-485e-9f02-dbb53ddcf155","gpt-4.1-mini","4100","1200","5300","0.042","cli"
"11/25/2025 11:54:42 PM","eva-orchestrator","P02-AUTO-b2fe2ebd","b21a8058-7b9a-4e3f-a4c6-7c5a9ed8f34e","gpt-4.1","8500","2800","11300","0.423","cli"
"11/25/2025 11:54:42 PM","eva-orchestrator","P02-AUTO-b2fe2ebd","b21a8058-7b9a-4e3f-a4c6-7c5a9ed8f34e","gpt-4.1","6200","1900","8100","0.3","cli"
"11/25/2025 11:54:42 PM","eva-orchestrator","P02-AUTO-b2fe2ebd","b21a8058-7b9a-4e3f-a4c6-7c5a9ed8f34e","gpt-4.1-mini","4100","1200","5300","0.042","cli"
"11/25/2025 11:54:43 PM","eva-orchestrator","P02-AUTO-df70fd31","41b65206-04d6-4458-948a-d1eabe9f234b","gpt-4.1","8500","2800","11300","0.423","cli"
"11/25/2025 11:54:43 PM","eva-orchestrator","P02-AUTO-df70fd31","41b65206-04d6-4458-948a-d1eabe9f234b","gpt-4.1","6200","1900","8100","0.3","cli"
"11/25/2025 11:54:44 PM","eva-orchestrator","P02-AUTO-df70fd31","41b65206-04d6-4458-948a-d1eabe9f234b","gpt-4.1-mini","4100","1200","5300","0.042","cli"
"11/25/2025 11:54:45 PM","eva-orchestrator","P02-AUTO-ff62ae64","eb1a9f53-7b7e-4e33-8371-334afc880342","gpt-4.1","8500","2800","11300","0.423","cli"
"11/25/2025 11:54:45 PM","eva-orchestrator","P02-AUTO-ff62ae64","eb1a9f53-7b7e-4e33-8371-334afc880342","gpt-4.1","6200","1900","8100","0.3","cli"
"11/25/2025 11:54:45 PM","eva-orchestrator","P02-AUTO-ff62ae64","eb1a9f53-7b7e-4e33-8371-334afc880342","gpt-4.1-mini","4100","1200","5300","0.042","cli"
"11/25/2025 11:54:47 PM","eva-orchestrator","P02-AUTO-4e50db4e","39fec96f-51cb-421c-9a62-9ba9aa987a6c","gpt-4.1","8500","2800","11300","0.423","cli"
"11/25/2025 11:54:47 PM","eva-orchestrator","P02-AUTO-4e50db4e","39fec96f-51cb-421c-9a62-9ba9aa987a6c","gpt-4.1","6200","1900","8100","0.3","cli"
"11/25/2025 11:54:47 PM","eva-orchestrator","P02-AUTO-4e50db4e","39fec96f-51cb-421c-9a62-9ba9aa987a6c","gpt-4.1-mini","4100","1200","5300","0.042","cli"
"11/25/2025 11:54:49 PM","eva-orchestrator","P02-AUTO-aa6d083b","31c91772-8e20-449c-a480-65695a235d70","gpt-4.1","8500","2800","11300","0.423","cli"
"11/25/2025 11:54:49 PM","eva-orchestrator","P02-AUTO-aa6d083b","31c91772-8e20-449c-a480-65695a235d70","gpt-4.1","6200","1900","8100","0.3","cli"
"11/25/2025 11:54:49 PM","eva-orchestrator","P02-AUTO-aa6d083b","31c91772-8e20-449c-a480-65695a235d70","gpt-4.1-mini","4100","1200","5300","0.042","cli"
"11/25/2025 11:54:50 PM","eva-orchestrator","P02-AUTO-5105e37f","cb9e0d55-e39c-403b-be94-54b2b8a14c8d","gpt-4.1","8500","2800","11300","0.423","cli"
"11/25/2025 11:54:51 PM","eva-orchestrator","P02-AUTO-5105e37f","cb9e0d55-e39c-403b-be94-54b2b8a14c8d","gpt-4.1","6200","1900","8100","0.3","cli"
"11/25/2025 11:54:51 PM","eva-orchestrator","P02-AUTO-5105e37f","cb9e0d55-e39c-403b-be94-54b2b8a14c8d","gpt-4.1-mini","4100","1200","5300","0.042","cli"
"11/25/2025 11:54:52 PM","eva-orchestrator","P02-AUTO-e98d37e2","b1958251-c4ee-4563-a145-e95a9857a826","gpt-4.1","8500","2800","11300","0.423","cli"
"11/25/2025 11:54:52 PM","eva-orchestrator","P02-AUTO-e98d37e2","b1958251-c4ee-4563-a145-e95a9857a826","gpt-4.1","6200","1900","8100","0.3","cli"
"11/25/2025 11:54:52 PM","eva-orchestrator","P02-AUTO-e98d37e2","b1958251-c4ee-4563-a145-e95a9857a826","gpt-4.1-mini","4100","1200","5300","0.042","cli"
"11/25/2025 11:54:54 PM","eva-orchestrator","P02-AUTO-44f54e95","c981d750-a59f-4a9d-9966-ce1d845a5a6c","gpt-4.1","8500","2800","11300","0.423","cli"
"11/25/2025 11:54:54 PM","eva-orchestrator","P02-AUTO-44f54e95","c981d750-a59f-4a9d-9966-ce1d845a5a6c","gpt-4.1","6200","1900","8100","0.3","cli"
"11/25/2025 11:54:54 PM","eva-orchestrator","P02-AUTO-44f54e95","c981d750-a59f-4a9d-9966-ce1d845a5a6c","gpt-4.1-mini","4100","1200","5300","0.042","cli"
"11/25/2025 11:54:56 PM","eva-orchestrator","P02-AUTO-6f5e576c","d30f41e3-1441-4fb0-8f0b-7ce8109d85de","gpt-4.1","8500","2800","11300","0.423","cli"
"11/25/2025 11:54:56 PM","eva-orchestrator","P02-AUTO-6f5e576c","d30f41e3-1441-4fb0-8f0b-7ce8109d85de","gpt-4.1","6200","1900","8100","0.3","cli"
"11/25/2025 11:54:56 PM","eva-orchestrator","P02-AUTO-6f5e576c","d30f41e3-1441-4fb0-8f0b-7ce8109d85de","gpt-4.1-mini","4100","1200","5300","0.042","cli"
"11/25/2025 11:54:57 PM","eva-orchestrator","P02-AUTO-fb61ffa5","c6866135-fbb6-4bab-a1ed-0522935317ab","gpt-4.1","8500","2800","11300","0.423","cli"
"11/25/2025 11:54:58 PM","eva-orchestrator","P02-AUTO-fb61ffa5","c6866135-fbb6-4bab-a1ed-0522935317ab","gpt-4.1","6200","1900","8100","0.3","cli"
"11/25/2025 11:54:58 PM","eva-orchestrator","P02-AUTO-fb61ffa5","c6866135-fbb6-4bab-a1ed-0522935317ab","gpt-4.1-mini","4100","1200","5300","0.042","cli"
"11/25/2025 11:54:59 PM","eva-orchestrator","P02-AUTO-55706a26","9ec332ab-bf37-4984-8869-dc9f5a98d37b","gpt-4.1","8500","2800","11300","0.423","cli"
"11/25/2025 11:54:59 PM","eva-orchestrator","P02-AUTO-55706a26","9ec332ab-bf37-4984-8869-dc9f5a98d37b","gpt-4.1","6200","1900","8100","0.3","cli"
"11/25/2025 11:54:59 PM","eva-orchestrator","P02-AUTO-55706a26","9ec332ab-bf37-4984-8869-dc9f5a98d37b","gpt-4.1-mini","4100","1200","5300","0.042","cli"
"11/25/2025 11:55:01 PM","eva-orchestrator","P02-AUTO-b973ec65","dc33b128-91c6-44da-b685-701d9875c893","gpt-4.1","8500","2800","11300","0.423","cli"
"11/25/2025 11:55:01 PM","eva-orchestrator","P02-AUTO-b973ec65","dc33b128-91c6-44da-b685-701d9875c893","gpt-4.1","6200","1900","8100","0.3","cli"
"11/25/2025 11:55:01 PM","eva-orchestrator","P02-AUTO-b973ec65","dc33b128-91c6-44da-b685-701d9875c893","gpt-4.1-mini","4100","1200","5300","0.042","cli"
"11/25/2025 11:55:03 PM","eva-orchestrator","P02-AUTO-1becc476","d325028f-00da-40b4-ba32-8885d07e4647","gpt-4.1","8500","2800","11300","0.423","cli"
"11/25/2025 11:55:03 PM","eva-orchestrator","P02-AUTO-1becc476","d325028f-00da-40b4-ba32-8885d07e4647","gpt-4.1","6200","1900","8100","0.3","cli"
"11/25/2025 11:55:03 PM","eva-orchestrator","P02-AUTO-1becc476","d325028f-00da-40b4-ba32-8885d07e4647","gpt-4.1-mini","4100","1200","5300","0.042","cli"
"11/25/2025 11:55:04 PM","eva-orchestrator","P02-AUTO-590908df","97371ef8-af32-4b61-9226-8386e00a7f09","gpt-4.1","8500","2800","11300","0.423","cli"
"11/25/2025 11:55:04 PM","eva-orchestrator","P02-AUTO-590908df","97371ef8-af32-4b61-9226-8386e00a7f09","gpt-4.1","6200","1900","8100","0.3","cli"
"11/25/2025 11:55:05 PM","eva-orchestrator","P02-AUTO-590908df","97371ef8-af32-4b61-9226-8386e00a7f09","gpt-4.1-mini","4100","1200","5300","0.042","cli"
"11/25/2025 11:55:06 PM","eva-orchestrator","P02-AUTO-8f14eaa0","9b95028f-fe53-4f7b-b307-92e0fd7856eb","gpt-4.1","8500","2800","11300","0.423","cli"
"11/25/2025 11:55:06 PM","eva-orchestrator","P02-AUTO-8f14eaa0","9b95028f-fe53-4f7b-b307-92e0fd7856eb","gpt-4.1","6200","1900","8100","0.3","cli"
"11/25/2025 11:55:06 PM","eva-orchestrator","P02-AUTO-8f14eaa0","9b95028f-fe53-4f7b-b307-92e0fd7856eb","gpt-4.1-mini","4100","1200","5300","0.042","cli"
"11/25/2025 11:55:08 PM","eva-orchestrator","P02-AUTO-ab59cafa","17dd0aae-698b-412e-8ec3-224ac3dd965f","gpt-4.1","8500","2800","11300","0.423","cli"
"11/25/2025 11:55:08 PM","eva-orchestrator","P02-AUTO-ab59cafa","17dd0aae-698b-412e-8ec3-224ac3dd965f","gpt-4.1","6200","1900","8100","0.3","cli"
"11/25/2025 11:55:08 PM","eva-orchestrator","P02-AUTO-ab59cafa","17dd0aae-698b-412e-8ec3-224ac3dd965f","gpt-4.1-mini","4100","1200","5300","0.042","cli"
"11/25/2025 11:55:10 PM","eva-orchestrator","P02-AUTO-678d0724","d885c0e9-d3ca-41a4-a26c-55cb97894888","gpt-4.1","8500","2800","11300","0.423","cli"
"11/25/2025 11:55:10 PM","eva-orchestrator","P02-AUTO-678d0724","d885c0e9-d3ca-41a4-a26c-55cb97894888","gpt-4.1","6200","1900","8100","0.3","cli"
"11/25/2025 11:55:10 PM","eva-orchestrator","P02-AUTO-678d0724","d885c0e9-d3ca-41a4-a26c-55cb97894888","gpt-4.1-mini","4100","1200","5300","0.042","cli"
"11/25/2025 11:55:11 PM","eva-orchestrator","P02-AUTO-536fbe32","01139135-3440-49e0-aafd-ea10b6431f6f","gpt-4.1","8500","2800","11300","0.423","cli"
"11/25/2025 11:55:11 PM","eva-orchestrator","P02-AUTO-536fbe32","01139135-3440-49e0-aafd-ea10b6431f6f","gpt-4.1","6200","1900","8100","0.3","cli"
"11/25/2025 11:55:12 PM","eva-orchestrator","P02-AUTO-536fbe32","01139135-3440-49e0-aafd-ea10b6431f6f","gpt-4.1-mini","4100","1200","5300","0.042","cli"
"11/25/2025 11:55:13 PM","eva-orchestrator","P02-AUTO-dfaa9026","a85e6976-86b1-411a-9569-0934edfc5680","gpt-4.1","8500","2800","11300","0.423","cli"
"11/25/2025 11:55:13 PM","eva-orchestrator","P02-AUTO-dfaa9026","a85e6976-86b1-411a-9569-0934edfc5680","gpt-4.1","6200","1900","8100","0.3","cli"
"11/25/2025 11:55:13 PM","eva-orchestrator","P02-AUTO-dfaa9026","a85e6976-86b1-411a-9569-0934edfc5680","gpt-4.1-mini","4100","1200","5300","0.042","cli"
"11/25/2025 11:55:15 PM","eva-orchestrator","P02-AUTO-05a17442","35f8894d-6970-4bb8-9db3-259fa0a5e6d6","gpt-4.1","8500","2800","11300","0.423","cli"
"11/25/2025 11:55:15 PM","eva-orchestrator","P02-AUTO-05a17442","35f8894d-6970-4bb8-9db3-259fa0a5e6d6","gpt-4.1","6200","1900","8100","0.3","cli"
"11/25/2025 11:55:15 PM","eva-orchestrator","P02-AUTO-05a17442","35f8894d-6970-4bb8-9db3-259fa0a5e6d6","gpt-4.1-mini","4100","1200","5300","0.042","cli"
"11/25/2025 11:55:16 PM","eva-orchestrator","P02-AUTO-913fcf09","58c0e37b-b43b-4f58-8c62-b61d1fd0501c","gpt-4.1","8500","2800","11300","0.423","cli"
"11/25/2025 11:55:17 PM","eva-orchestrator","P02-AUTO-913fcf09","58c0e37b-b43b-4f58-8c62-b61d1fd0501c","gpt-4.1","6200","1900","8100","0.3","cli"
"11/25/2025 11:55:17 PM","eva-orchestrator","P02-AUTO-913fcf09","58c0e37b-b43b-4f58-8c62-b61d1fd0501c","gpt-4.1-mini","4100","1200","5300","0.042","cli"
"11/25/2025 11:55:18 PM","eva-orchestrator","P02-AUTO-1b5804ed","1848710b-83f3-43e7-bb22-a83fbb77b20b","gpt-4.1","8500","2800","11300","0.423","cli"
"11/25/2025 11:55:18 PM","eva-orchestrator","P02-AUTO-1b5804ed","1848710b-83f3-43e7-bb22-a83fbb77b20b","gpt-4.1","6200","1900","8100","0.3","cli"
"11/25/2025 11:55:18 PM","eva-orchestrator","P02-AUTO-1b5804ed","1848710b-83f3-43e7-bb22-a83fbb77b20b","gpt-4.1-mini","4100","1200","5300","0.042","cli"
"11/25/2025 11:55:20 PM","eva-orchestrator","P02-AUTO-bc590054","1595decc-4e36-413e-be7f-45c5e2c1a761","gpt-4.1","8500","2800","11300","0.423","cli"
"11/25/2025 11:55:20 PM","eva-orchestrator","P02-AUTO-bc590054","1595decc-4e36-413e-be7f-45c5e2c1a761","gpt-4.1","6200","1900","8100","0.3","cli"
"11/25/2025 11:55:20 PM","eva-orchestrator","P02-AUTO-bc590054","1595decc-4e36-413e-be7f-45c5e2c1a761","gpt-4.1-mini","4100","1200","5300","0.042","cli"
"11/25/2025 11:55:22 PM","eva-orchestrator","P02-AUTO-c2fa847e","a5e97f6d-9b66-4091-8756-c7d32fd785ca","gpt-4.1","8500","2800","11300","0.423","cli"
"11/25/2025 11:55:22 PM","eva-orchestrator","P02-AUTO-c2fa847e","a5e97f6d-9b66-4091-8756-c7d32fd785ca","gpt-4.1","6200","1900","8100","0.3","cli"
"11/25/2025 11:55:22 PM","eva-orchestrator","P02-AUTO-c2fa847e","a5e97f6d-9b66-4091-8756-c7d32fd785ca","gpt-4.1-mini","4100","1200","5300","0.042","cli"
"11/25/2025 11:55:23 PM","eva-orchestrator","P02-AUTO-045d584b","9dcffc87-d8e1-4437-bc04-2137c10b924a","gpt-4.1","8500","2800","11300","0.423","cli"
"11/25/2025 11:55:23 PM","eva-orchestrator","P02-AUTO-045d584b","9dcffc87-d8e1-4437-bc04-2137c10b924a","gpt-4.1","6200","1900","8100","0.3","cli"
"11/25/2025 11:55:24 PM","eva-orchestrator","P02-AUTO-045d584b","9dcffc87-d8e1-4437-bc04-2137c10b924a","gpt-4.1-mini","4100","1200","5300","0.042","cli"
"11/25/2025 11:55:25 PM","eva-orchestrator","P02-AUTO-3ae40f16","f0caff1a-2ac6-43af-9683-8b39b17f9d95","gpt-4.1","8500","2800","11300","0.423","cli"
"11/25/2025 11:55:25 PM","eva-orchestrator","P02-AUTO-3ae40f16","f0caff1a-2ac6-43af-9683-8b39b17f9d95","gpt-4.1","6200","1900","8100","0.3","cli"
"11/25/2025 11:55:25 PM","eva-orchestrator","P02-AUTO-3ae40f16","f0caff1a-2ac6-43af-9683-8b39b17f9d95","gpt-4.1-mini","4100","1200","5300","0.042","cli"
"11/25/2025 11:55:27 PM","eva-orchestrator","P02-AUTO-c92a0ccc","3cdd3905-e905-453c-a7f2-286df782b8f3","gpt-4.1","8500","2800","11300","0.423","cli"
"11/25/2025 11:55:27 PM","eva-orchestrator","P02-AUTO-c92a0ccc","3cdd3905-e905-453c-a7f2-286df782b8f3","gpt-4.1","6200","1900","8100","0.3","cli"
"11/25/2025 11:55:27 PM","eva-orchestrator","P02-AUTO-c92a0ccc","3cdd3905-e905-453c-a7f2-286df782b8f3","gpt-4.1-mini","4100","1200","5300","0.042","cli"
"11/25/2025 11:55:29 PM","eva-orchestrator","P02-AUTO-a5c1c2aa","666acd06-ee88-47f6-84d7-79d2491c5a72","gpt-4.1","8500","2800","11300","0.423","cli"
"11/25/2025 11:55:29 PM","eva-orchestrator","P02-AUTO-a5c1c2aa","666acd06-ee88-47f6-84d7-79d2491c5a72","gpt-4.1","6200","1900","8100","0.3","cli"
"11/25/2025 11:55:29 PM","eva-orchestrator","P02-AUTO-a5c1c2aa","666acd06-ee88-47f6-84d7-79d2491c5a72","gpt-4.1-mini","4100","1200","5300","0.042","cli"
"11/25/2025 11:55:30 PM","eva-orchestrator","P02-AUTO-52421970","8d4cf05d-ef83-4864-a37c-1a638f6c249c","gpt-4.1","8500","2800","11300","0.423","cli"
"11/25/2025 11:55:30 PM","eva-orchestrator","P02-AUTO-52421970","8d4cf05d-ef83-4864-a37c-1a638f6c249c","gpt-4.1","6200","1900","8100","0.3","cli"
"11/25/2025 11:55:31 PM","eva-orchestrator","P02-AUTO-52421970","8d4cf05d-ef83-4864-a37c-1a638f6c249c","gpt-4.1-mini","4100","1200","5300","0.042","cli"
"11/25/2025 11:55:32 PM","eva-orchestrator","P02-AUTO-49b94f52","8b189b94-b117-4d2f-9c4e-c34783e05bde","gpt-4.1","8500","2800","11300","0.423","cli"
"11/25/2025 11:55:32 PM","eva-orchestrator","P02-AUTO-49b94f52","8b189b94-b117-4d2f-9c4e-c34783e05bde","gpt-4.1","6200","1900","8100","0.3","cli"
"11/25/2025 11:55:32 PM","eva-orchestrator","P02-AUTO-49b94f52","8b189b94-b117-4d2f-9c4e-c34783e05bde","gpt-4.1-mini","4100","1200","5300","0.042","cli"
"11/25/2025 11:55:34 PM","eva-orchestrator","P02-AUTO-32da9fa8","1c17df6e-4169-49cd-a64b-3a8c4c3a6c0c","gpt-4.1","8500","2800","11300","0.423","cli"
"11/25/2025 11:55:34 PM","eva-orchestrator","P02-AUTO-32da9fa8","1c17df6e-4169-49cd-a64b-3a8c4c3a6c0c","gpt-4.1","6200","1900","8100","0.3","cli"
"11/25/2025 11:55:34 PM","eva-orchestrator","P02-AUTO-32da9fa8","1c17df6e-4169-49cd-a64b-3a8c4c3a6c0c","gpt-4.1-mini","4100","1200","5300","0.042","cli"
"11/26/2025 1:00:42 AM","eva-orchestrator","P02-DEMO-001","p02-eva-demo-feature-20251126-010041-cli-eae257","gpt-4.1","8500","2800","11300","0.423","cli"
"11/26/2025 1:00:42 AM","eva-orchestrator","P02-DEMO-001","p02-eva-demo-feature-20251126-010041-cli-eae257","gpt-4.1","6200","1900","8100","0.3","cli"
"11/26/2025 1:00:42 AM","eva-orchestrator","P02-DEMO-001","p02-eva-demo-feature-20251126-010041-cli-eae257","gpt-4.1-mini","4100","1200","5300","0.042","cli"
"11/26/2025 1:00:50 AM","eva-orchestrator","P02-DEMO-001","p02-eva-demo-feature-20251126-010048-cli-d4dabd","gpt-4.1","8500","2800","11300","0.423","cli"
"11/26/2025 1:00:50 AM","eva-orchestrator","P02-DEMO-001","p02-eva-demo-feature-20251126-010048-cli-d4dabd","gpt-4.1","6200","1900","8100","0.3","cli"
"11/26/2025 1:00:50 AM","eva-orchestrator","P02-DEMO-001","p02-eva-demo-feature-20251126-010048-cli-d4dabd","gpt-4.1-mini","4100","1200","5300","0.042","cli"
"11/27/2025 12:40:05 PM","eva-orchestrator","P02-AUTO-55d30b64","p02-cdd-archive-report-2025-01-27-20251127-124004-github-action-74e92f","gpt-4.1","8500","2800","11300","0.423","github-action"
"11/27/2025 12:40:06 PM","eva-orchestrator","P02-AUTO-55d30b64","p02-cdd-archive-report-2025-01-27-20251127-124004-github-action-74e92f","gpt-4.1","6200","1900","8100","0.3","github-action"
"11/27/2025 12:40:06 PM","eva-orchestrator","P02-AUTO-55d30b64","p02-cdd-archive-report-2025-01-27-20251127-124004-github-action-74e92f","gpt-4.1-mini","4100","1200","5300","0.042","github-action"
"11/27/2025 12:40:07 PM","eva-orchestrator","P02-AUTO-db5474de","p02-cdd-consolidation-complete-report-2025-0-20251127-124006-github-action-72c391","gpt-4.1","8500","2800","11300","0.423","github-action"
"11/27/2025 12:40:07 PM","eva-orchestrator","P02-AUTO-db5474de","p02-cdd-consolidation-complete-report-2025-0-20251127-124006-github-action-72c391","gpt-4.1","6200","1900","8100","0.3","github-action"
"11/27/2025 12:40:07 PM","eva-orchestrator","P02-AUTO-db5474de","p02-cdd-consolidation-complete-report-2025-0-20251127-124006-github-action-72c391","gpt-4.1-mini","4100","1200","5300","0.042","github-action"
"11/27/2025 12:40:09 PM","eva-orchestrator","P02-AUTO-f9c2f2c8","p02-cdd-consolidation-report-2025-01-27-20251127-124008-github-action-3cb533","gpt-4.1","8500","2800","11300","0.423","github-action"
"11/27/2025 12:40:09 PM","eva-orchestrator","P02-AUTO-f9c2f2c8","p02-cdd-consolidation-report-2025-01-27-20251127-124008-github-action-3cb533","gpt-4.1","6200","1900","8100","0.3","github-action"
"11/27/2025 12:40:09 PM","eva-orchestrator","P02-AUTO-f9c2f2c8","p02-cdd-consolidation-report-2025-01-27-20251127-124008-github-action-3cb533","gpt-4.1-mini","4100","1200","5300","0.042","github-action"
"11/27/2025 12:40:10 PM","eva-orchestrator","P02-AUTO-c50eaeca","p02-cdd-ecosystem-final-report-2025-01-27-20251127-124009-github-action-0da390","gpt-4.1","8500","2800","11300","0.423","github-action"
"11/27/2025 12:40:11 PM","eva-orchestrator","P02-AUTO-c50eaeca","p02-cdd-ecosystem-final-report-2025-01-27-20251127-124009-github-action-0da390","gpt-4.1","6200","1900","8100","0.3","github-action"
"11/27/2025 12:40:11 PM","eva-orchestrator","P02-AUTO-c50eaeca","p02-cdd-ecosystem-final-report-2025-01-27-20251127-124009-github-action-0da390","gpt-4.1-mini","4100","1200","5300","0.042","github-action"
"11/27/2025 12:40:12 PM","eva-orchestrator","P02-AUTO-edca00b3","p02-cdd-standardization-report-2025-01-27-20251127-124011-github-action-5cb301","gpt-4.1","8500","2800","11300","0.423","github-action"
"11/27/2025 12:40:12 PM","eva-orchestrator","P02-AUTO-edca00b3","p02-cdd-standardization-report-2025-01-27-20251127-124011-github-action-5cb301","gpt-4.1","6200","1900","8100","0.3","github-action"
"11/27/2025 12:40:12 PM","eva-orchestrator","P02-AUTO-edca00b3","p02-cdd-standardization-report-2025-01-27-20251127-124011-github-action-5cb301","gpt-4.1-mini","4100","1200","5300","0.042","github-action"
"11/27/2025 12:40:14 PM","eva-orchestrator","P02-AUTO-40310dfc","p02-chatgpt-repo-status-20251127-124013-github-action-ca41ee","gpt-4.1","8500","2800","11300","0.423","github-action"
"11/27/2025 12:40:14 PM","eva-orchestrator","P02-AUTO-40310dfc","p02-chatgpt-repo-status-20251127-124013-github-action-ca41ee","gpt-4.1","6200","1900","8100","0.3","github-action"
"11/27/2025 12:40:14 PM","eva-orchestrator","P02-AUTO-40310dfc","p02-chatgpt-repo-status-20251127-124013-github-action-ca41ee","gpt-4.1-mini","4100","1200","5300","0.042","github-action"
"11/27/2025 12:40:15 PM","eva-orchestrator","P02-AUTO-96acd085","p02-copilot-readme-20251127-124014-github-action-290cf3","gpt-4.1","8500","2800","11300","0.423","github-action"
"11/27/2025 12:40:16 PM","eva-orchestrator","P02-AUTO-96acd085","p02-copilot-readme-20251127-124014-github-action-290cf3","gpt-4.1","6200","1900","8100","0.3","github-action"
"11/27/2025 12:40:16 PM","eva-orchestrator","P02-AUTO-96acd085","p02-copilot-readme-20251127-124014-github-action-290cf3","gpt-4.1-mini","4100","1200","5300","0.042","github-action"
"11/27/2025 12:40:17 PM","eva-orchestrator","P02-AUTO-462b22f6","p02-create-eva-repos-20251127-124016-github-action-963076","gpt-4.1","8500","2800","11300","0.423","github-action"
"11/27/2025 12:40:17 PM","eva-orchestrator","P02-AUTO-462b22f6","p02-create-eva-repos-20251127-124016-github-action-963076","gpt-4.1","6200","1900","8100","0.3","github-action"
"11/27/2025 12:40:17 PM","eva-orchestrator","P02-AUTO-462b22f6","p02-create-eva-repos-20251127-124016-github-action-963076","gpt-4.1-mini","4100","1200","5300","0.042","github-action"
"11/27/2025 12:40:19 PM","eva-orchestrator","P02-AUTO-0e1a1c0e","p02-eva-hub-20251127-124018-github-action-2641c1","gpt-4.1","8500","2800","11300","0.423","github-action"
"11/27/2025 12:40:19 PM","eva-orchestrator","P02-AUTO-0e1a1c0e","p02-eva-hub-20251127-124018-github-action-2641c1","gpt-4.1","6200","1900","8100","0.3","github-action"
"11/27/2025 12:40:19 PM","eva-orchestrator","P02-AUTO-0e1a1c0e","p02-eva-hub-20251127-124018-github-action-2641c1","gpt-4.1-mini","4100","1200","5300","0.042","github-action"
"11/27/2025 12:40:20 PM","eva-orchestrator","P02-AUTO-d3b4ad52","p02-eva-orchestrator-readme-20251127-124019-github-action-0bfcd8","gpt-4.1","8500","2800","11300","0.423","github-action"
"11/27/2025 12:40:20 PM","eva-orchestrator","P02-AUTO-d3b4ad52","p02-eva-orchestrator-readme-20251127-124019-github-action-0bfcd8","gpt-4.1","6200","1900","8100","0.3","github-action"
"11/27/2025 12:40:21 PM","eva-orchestrator","P02-AUTO-d3b4ad52","p02-eva-orchestrator-readme-20251127-124019-github-action-0bfcd8","gpt-4.1-mini","4100","1200","5300","0.042","github-action"
"11/27/2025 12:40:22 PM","eva-orchestrator","P02-AUTO-7cc9e39b","p02-eva-product-list-20251127-124021-github-action-b9e903","gpt-4.1","8500","2800","11300","0.423","github-action"
"11/27/2025 12:40:22 PM","eva-orchestrator","P02-AUTO-7cc9e39b","p02-eva-product-list-20251127-124021-github-action-b9e903","gpt-4.1","6200","1900","8100","0.3","github-action"
"11/27/2025 12:40:22 PM","eva-orchestrator","P02-AUTO-7cc9e39b","p02-eva-product-list-20251127-124021-github-action-b9e903","gpt-4.1-mini","4100","1200","5300","0.042","github-action"
"11/27/2025 12:40:24 PM","eva-orchestrator","P02-AUTO-3ff49165","p02-eva-suite-full-tree-20251127-124022-github-action-16d5d9","gpt-4.1","8500","2800","11300","0.423","github-action"
"11/27/2025 12:40:24 PM","eva-orchestrator","P02-AUTO-3ff49165","p02-eva-suite-full-tree-20251127-124022-github-action-16d5d9","gpt-4.1","6200","1900","8100","0.3","github-action"
"11/27/2025 12:40:24 PM","eva-orchestrator","P02-AUTO-3ff49165","p02-eva-suite-full-tree-20251127-124022-github-action-16d5d9","gpt-4.1-mini","4100","1200","5300","0.042","github-action"
"11/27/2025 12:40:25 PM","eva-orchestrator","P02-AUTO-f0488585","p02-github-token-setup-20251127-124024-github-action-328b52","gpt-4.1","8500","2800","11300","0.423","github-action"
"11/27/2025 12:40:25 PM","eva-orchestrator","P02-AUTO-f0488585","p02-github-token-setup-20251127-124024-github-action-328b52","gpt-4.1","6200","1900","8100","0.3","github-action"
"11/27/2025 12:40:26 PM","eva-orchestrator","P02-AUTO-f0488585","p02-github-token-setup-20251127-124024-github-action-328b52","gpt-4.1-mini","4100","1200","5300","0.042","github-action"
"11/27/2025 12:40:27 PM","eva-orchestrator","P02-AUTO-48dfe1bc","p02-health-check-report-20251127-124026-github-action-bb187f","gpt-4.1","8500","2800","11300","0.423","github-action"
"11/27/2025 12:40:27 PM","eva-orchestrator","P02-AUTO-48dfe1bc","p02-health-check-report-20251127-124026-github-action-bb187f","gpt-4.1","6200","1900","8100","0.3","github-action"
"11/27/2025 12:40:27 PM","eva-orchestrator","P02-AUTO-48dfe1bc","p02-health-check-report-20251127-124026-github-action-bb187f","gpt-4.1-mini","4100","1200","5300","0.042","github-action"
"11/27/2025 12:40:29 PM","eva-orchestrator","P02-AUTO-ad903980","p02-marco-cheat-sheet-20251127-124027-github-action-bf4223","gpt-4.1","8500","2800","11300","0.423","github-action"
"11/27/2025 12:40:29 PM","eva-orchestrator","P02-AUTO-ad903980","p02-marco-cheat-sheet-20251127-124027-github-action-bf4223","gpt-4.1","6200","1900","8100","0.3","github-action"
"11/27/2025 12:40:29 PM","eva-orchestrator","P02-AUTO-ad903980","p02-marco-cheat-sheet-20251127-124027-github-action-bf4223","gpt-4.1-mini","4100","1200","5300","0.042","github-action"
"11/27/2025 12:40:30 PM","eva-orchestrator","P02-AUTO-b35e7598","p02-marco-hub-20251127-124029-github-action-412227","gpt-4.1","8500","2800","11300","0.423","github-action"
"11/27/2025 12:40:30 PM","eva-orchestrator","P02-AUTO-b35e7598","p02-marco-hub-20251127-124029-github-action-412227","gpt-4.1","6200","1900","8100","0.3","github-action"
"11/27/2025 12:40:31 PM","eva-orchestrator","P02-AUTO-b35e7598","p02-marco-hub-20251127-124029-github-action-412227","gpt-4.1-mini","4100","1200","5300","0.042","github-action"
"11/27/2025 12:40:32 PM","eva-orchestrator","P02-AUTO-0123f746","p02-pr-description-20251127-124031-github-action-98e48b","gpt-4.1","8500","2800","11300","0.423","github-action"
"11/27/2025 12:40:32 PM","eva-orchestrator","P02-AUTO-0123f746","p02-pr-description-20251127-124031-github-action-98e48b","gpt-4.1","6200","1900","8100","0.3","github-action"
"11/27/2025 12:40:32 PM","eva-orchestrator","P02-AUTO-0123f746","p02-pr-description-20251127-124031-github-action-98e48b","gpt-4.1-mini","4100","1200","5300","0.042","github-action"
"11/27/2025 12:40:33 PM","eva-orchestrator","P02-AUTO-179ab0f1","p02-pr-summary-20251127-124032-github-action-a735f5","gpt-4.1","8500","2800","11300","0.423","github-action"
"11/27/2025 12:40:34 PM","eva-orchestrator","P02-AUTO-179ab0f1","p02-pr-summary-20251127-124032-github-action-a735f5","gpt-4.1","6200","1900","8100","0.3","github-action"
"11/27/2025 12:40:34 PM","eva-orchestrator","P02-AUTO-179ab0f1","p02-pr-summary-20251127-124032-github-action-a735f5","gpt-4.1-mini","4100","1200","5300","0.042","github-action"
"11/27/2025 12:40:35 PM","eva-orchestrator","P02-AUTO-479cd99b","p02-quick-start-20251127-124034-github-action-0b26bc","gpt-4.1","8500","2800","11300","0.423","github-action"
"11/27/2025 12:40:35 PM","eva-orchestrator","P02-AUTO-479cd99b","p02-quick-start-20251127-124034-github-action-0b26bc","gpt-4.1","6200","1900","8100","0.3","github-action"
"11/27/2025 12:40:35 PM","eva-orchestrator","P02-AUTO-479cd99b","p02-quick-start-20251127-124034-github-action-0b26bc","gpt-4.1-mini","4100","1200","5300","0.042","github-action"
"11/27/2025 12:40:37 PM","eva-orchestrator","P02-AUTO-12c6273c","p02-readme-20251127-124036-github-action-f11a8a","gpt-4.1","8500","2800","11300","0.423","github-action"
"11/27/2025 12:40:37 PM","eva-orchestrator","P02-AUTO-12c6273c","p02-readme-20251127-124036-github-action-f11a8a","gpt-4.1","6200","1900","8100","0.3","github-action"
"11/27/2025 12:40:37 PM","eva-orchestrator","P02-AUTO-12c6273c","p02-readme-20251127-124036-github-action-f11a8a","gpt-4.1-mini","4100","1200","5300","0.042","github-action"
"11/27/2025 12:40:38 PM","eva-orchestrator","P02-AUTO-70bbca07","p02-ready-to-create-20251127-124037-github-action-fd237a","gpt-4.1","8500","2800","11300","0.423","github-action"
"11/27/2025 12:40:39 PM","eva-orchestrator","P02-AUTO-70bbca07","p02-ready-to-create-20251127-124037-github-action-fd237a","gpt-4.1","6200","1900","8100","0.3","github-action"
"11/27/2025 12:40:39 PM","eva-orchestrator","P02-AUTO-70bbca07","p02-ready-to-create-20251127-124037-github-action-fd237a","gpt-4.1-mini","4100","1200","5300","0.042","github-action"
"11/27/2025 12:40:40 PM","eva-orchestrator","P02-AUTO-6b0a1273","p02-repo-quick-reference-20251127-124039-github-action-665536","gpt-4.1","8500","2800","11300","0.423","github-action"
"11/27/2025 12:40:40 PM","eva-orchestrator","P02-AUTO-6b0a1273","p02-repo-quick-reference-20251127-124039-github-action-665536","gpt-4.1","6200","1900","8100","0.3","github-action"
"11/27/2025 12:40:40 PM","eva-orchestrator","P02-AUTO-6b0a1273","p02-repo-quick-reference-20251127-124039-github-action-665536","gpt-4.1-mini","4100","1200","5300","0.042","github-action"
"11/27/2025 12:40:42 PM","eva-orchestrator","P02-AUTO-5e27bd11","p02-requirements-20251127-124041-github-action-8a69ab","gpt-4.1","8500","2800","11300","0.423","github-action"
"11/27/2025 12:40:42 PM","eva-orchestrator","P02-AUTO-5e27bd11","p02-requirements-20251127-124041-github-action-8a69ab","gpt-4.1","6200","1900","8100","0.3","github-action"
"11/27/2025 12:40:42 PM","eva-orchestrator","P02-AUTO-5e27bd11","p02-requirements-20251127-124041-github-action-8a69ab","gpt-4.1-mini","4100","1200","5300","0.042","github-action"
"11/27/2025 12:40:43 PM","eva-orchestrator","P02-AUTO-f2417451","p02-safe-deletion-checklist-20251127-124042-github-action-61d631","gpt-4.1","8500","2800","11300","0.423","github-action"
"11/27/2025 12:40:44 PM","eva-orchestrator","P02-AUTO-f2417451","p02-safe-deletion-checklist-20251127-124042-github-action-61d631","gpt-4.1","6200","1900","8100","0.3","github-action"
"11/27/2025 12:40:44 PM","eva-orchestrator","P02-AUTO-f2417451","p02-safe-deletion-checklist-20251127-124042-github-action-61d631","gpt-4.1-mini","4100","1200","5300","0.042","github-action"
"11/27/2025 12:40:45 PM","eva-orchestrator","P02-AUTO-9ee41ae0","p02-start-here-20251127-124044-github-action-594280","gpt-4.1","8500","2800","11300","0.423","github-action"
"11/27/2025 12:40:45 PM","eva-orchestrator","P02-AUTO-9ee41ae0","p02-start-here-20251127-124044-github-action-594280","gpt-4.1","6200","1900","8100","0.3","github-action"
"11/27/2025 12:40:45 PM","eva-orchestrator","P02-AUTO-9ee41ae0","p02-start-here-20251127-124044-github-action-594280","gpt-4.1-mini","4100","1200","5300","0.042","github-action"
"11/29/2025 1:23:43 AM","eva-orchestrator","P02-AUTO-5b2966da","p02-marco-hub-20251129-012342-github-action-571954","gpt-4.1","8500","2800","11300","0.423","github-action"
"11/29/2025 1:23:44 AM","eva-orchestrator","P02-AUTO-5b2966da","p02-marco-hub-20251129-012342-github-action-571954","gpt-4.1","6200","1900","8100","0.3","github-action"
"11/29/2025 1:23:44 AM","eva-orchestrator","P02-AUTO-5b2966da","p02-marco-hub-20251129-012342-github-action-571954","gpt-4.1-mini","4100","1200","5300","0.042","github-action"
"11/29/2025 1:23:45 AM","eva-orchestrator","P02-AUTO-d55f2e19","p02-ready-for-sprint-20251129-012344-github-action-08653f","gpt-4.1","8500","2800","11300","0.423","github-action"
"11/29/2025 1:23:45 AM","eva-orchestrator","P02-AUTO-d55f2e19","p02-ready-for-sprint-20251129-012344-github-action-08653f","gpt-4.1","6200","1900","8100","0.3","github-action"
"11/29/2025 1:23:45 AM","eva-orchestrator","P02-AUTO-d55f2e19","p02-ready-for-sprint-20251129-012344-github-action-08653f","gpt-4.1-mini","4100","1200","5300","0.042","github-action"
"11/29/2025 12:36:16 PM","eva-orchestrator","P02-AUTO-9ecb00fb","p02-marco-hub-20251129-123615-github-action-40d427","gpt-4.1","8500","2800","11300","0.423","github-action"
"11/29/2025 12:36:16 PM","eva-orchestrator","P02-AUTO-9ecb00fb","p02-marco-hub-20251129-123615-github-action-40d427","gpt-4.1","6200","1900","8100","0.3","github-action"
"11/29/2025 12:36:16 PM","eva-orchestrator","P02-AUTO-9ecb00fb","p02-marco-hub-20251129-123615-github-action-40d427","gpt-4.1-mini","4100","1200","5300","0.042","github-action"
"11/29/2025 12:36:18 PM","eva-orchestrator","P02-AUTO-2cd1e51d","p02-task-result-20251129-123616-github-action-4f57ca","gpt-4.1","8500","2800","11300","0.423","github-action"
"11/29/2025 12:36:18 PM","eva-orchestrator","P02-AUTO-2cd1e51d","p02-task-result-20251129-123616-github-action-4f57ca","gpt-4.1","6200","1900","8100","0.3","github-action"
"11/29/2025 12:36:18 PM","eva-orchestrator","P02-AUTO-2cd1e51d","p02-task-result-20251129-123616-github-action-4f57ca","gpt-4.1-mini","4100","1200","5300","0.042","github-action"
"11/30/2025 6:28:34 AM","eva-orchestrator","P02-AUTO-0cf2ce4b","p02-marco-hub-20251130-062833-github-action-d7e92b","gpt-4.1","8500","2800","11300","0.423","github-action"
"11/30/2025 6:28:34 AM","eva-orchestrator","P02-AUTO-0cf2ce4b","p02-marco-hub-20251130-062833-github-action-d7e92b","gpt-4.1","6200","1900","8100","0.3","github-action"
"11/30/2025 6:28:34 AM","eva-orchestrator","P02-AUTO-0cf2ce4b","p02-marco-hub-20251130-062833-github-action-d7e92b","gpt-4.1-mini","4100","1200","5300","0.042","github-action"
"11/30/2025 6:28:36 AM","eva-orchestrator","P02-AUTO-98f6401d","p02-task-result-20251130-062834-github-action-e94da6","gpt-4.1","8500","2800","11300","0.423","github-action"
"11/30/2025 6:28:36 AM","eva-orchestrator","P02-AUTO-98f6401d","p02-task-result-20251130-062834-github-action-e94da6","gpt-4.1","6200","1900","8100","0.3","github-action"
"11/30/2025 6:28:36 AM","eva-orchestrator","P02-AUTO-98f6401d","p02-task-result-20251130-062834-github-action-e94da6","gpt-4.1-mini","4100","1200","5300","0.042","github-action"
"12/1/2025 6:32:13 AM","eva-orchestrator","P02-AUTO-b52462dc","p02-marco-hub-20251201-063212-github-action-eac07a","gpt-4.1","8500","2800","11300","0.423","github-action"
"12/1/2025 6:32:13 AM","eva-orchestrator","P02-AUTO-b52462dc","p02-marco-hub-20251201-063212-github-action-eac07a","gpt-4.1","6200","1900","8100","0.3","github-action"
"12/1/2025 6:32:13 AM","eva-orchestrator","P02-AUTO-b52462dc","p02-marco-hub-20251201-063212-github-action-eac07a","gpt-4.1-mini","4100","1200","5300","0.042","github-action"
"12/1/2025 6:32:15 AM","eva-orchestrator","P02-AUTO-c4f17ed2","p02-task-result-20251201-063214-github-action-bd00db","gpt-4.1","8500","2800","11300","0.423","github-action"
"12/1/2025 6:32:15 AM","eva-orchestrator","P02-AUTO-c4f17ed2","p02-task-result-20251201-063214-github-action-bd00db","gpt-4.1","6200","1900","8100","0.3","github-action"
"12/1/2025 6:32:15 AM","eva-orchestrator","P02-AUTO-c4f17ed2","p02-task-result-20251201-063214-github-action-bd00db","gpt-4.1-mini","4100","1200","5300","0.042","github-action"
"12/3/2025 1:26:47 AM","eva-orchestrator","P02-AUTO-d4c851ee","p02-marco-hub-20251203-012645-github-action-08816d","gpt-4.1","8500","2800","11300","0.423","github-action"
"12/3/2025 1:26:47 AM","eva-orchestrator","P02-AUTO-d4c851ee","p02-marco-hub-20251203-012645-github-action-08816d","gpt-4.1","6200","1900","8100","0.3","github-action"
"12/3/2025 1:26:47 AM","eva-orchestrator","P02-AUTO-d4c851ee","p02-marco-hub-20251203-012645-github-action-08816d","gpt-4.1-mini","4100","1200","5300","0.042","github-action"
"12/3/2025 1:26:48 AM","eva-orchestrator","P02-AUTO-691b81d5","p02-readme-20251203-012647-github-action-d562b5","gpt-4.1","8500","2800","11300","0.423","github-action"
"12/3/2025 1:26:48 AM","eva-orchestrator","P02-AUTO-691b81d5","p02-readme-20251203-012647-github-action-d562b5","gpt-4.1","6200","1900","8100","0.3","github-action"
"12/3/2025 1:26:49 AM","eva-orchestrator","P02-AUTO-691b81d5","p02-readme-20251203-012647-github-action-d562b5","gpt-4.1-mini","4100","1200","5300","0.042","github-action"
